Reference(s),Qty,Value,Footprint,Side,Manufacturer,MPN,LCSC,Notes
"C101,C102,C106,C107,C108,C109,C112,C114,C115,C118,C119,C121,C124,C125,C126,C127,C136",17,100nF,RadianMain:C_0201_0603Metric_D,bottom,CCTC,TCC0201X5R104K100ZT,C5142565,10 V X5R. JLC extended library: one setup fee for the whole array
"C11,C21,C31,C146,C150,C151,C152,C161,C162,C166,C170,C172,C190,C195,C200",15,100nF,RadianMain:C_0603_1608Metric_Radian,top,Samsung,CL10B104KB8NNNC,C1591,50 V X7R
"R12,R22,R32,R103,R104,R105,R106,R121,R130,R143,R144,R145,R146,R169",14,10kΩ,RadianMain:R_0603_1608Metric_Radian,top,Yageo,RC0603FR-0710KL,C98220,thick film 1%
"R131,R132,R133,R140,R141,R142,R147,R148,R149,R150,R190,R191,R192",13,1kΩ,RadianMain:R_0603_1608Metric_Radian,top,Yageo,RC0603FR-071KL,,thick film 1%
"C100,C103,C104,C110,C113,C116,C120,C122,C128",9,100nF,RadianMain:C_0201_0603Metric_C,bottom,CCTC,TCC0201X5R104K100ZT,C5142565,10 V X5R. JLC extended library: one setup fee for the whole array
"C105,C123,C130,C131,C132,C133,C134,C135",8,100nF,RadianMain:C_0201_0603Metric_E,bottom,CCTC,TCC0201X5R104K100ZT,C5142565,10 V X5R. JLC extended library: one setup fee for the whole array
"C174,C175,C176,C180,C181,C182,C193,C194",8,10nF,RadianMain:C_0603_1608Metric_Radian,top,Murata,GRM1885C1H103JA01D,C85973,"50 V C0G -- ADC anti-alias, C0G for low voltage coefficient"
"R110,R114,R115,R122,R123,R124,R125",7,33Ω,RadianMain:R_0603_1608Metric_Radian,top,Yageo,RC0603FR-0733RL,,thick film 1%
"R100,R101,R102,R111,R112,R113",6,4.7kΩ,RadianMain:R_0603_1608Metric_Radian,top,Yageo,RC0603FR-074K7L,,thick film 1%
"R11,R21,R31,R166",4,100kΩ,RadianMain:R_0603_1608Metric_Radian,top,Yageo,RC0603FR-07100KL,,thick film 1%
"C10,C20,C30,C160",4,10uF,RadianMain:C_0805_2012Metric_B,top,Samsung,CL21A106KAYNNNE,C15850,"25 V X5R, JLC basic library"
"R160,R161,R163,R164",4,20kΩ,RadianMain:R_0603_1608Metric_Radian,top,Yageo,RT0603BRD0720KL,C723637,"0.1%, 25 ppm/C thin film -- matched CV divider pair"
"C111,C117,C129",3,100nF,RadianMain:C_0201_0603Metric_A,bottom,CCTC,TCC0201X5R104K100ZT,C5142565,10 V X5R. JLC extended library: one setup fee for the whole array
"C201,C202,C203",3,10nF,RadianMain:C_0603_1608Metric_Radian,bottom,Murata,GRM1885C1H103JA01D,C85973,"50 V C0G -- ADC anti-alias, C0G for low voltage coefficient"
"C191,C192,C196",3,1nF,RadianMain:C_0603_1608Metric_Radian,top,Murata,GRM1885C1H102JA01D,,"50 V C0G, same series as the 10 nF"
"C165,C171,C173",3,1uF,RadianMain:C_0603_1608Metric_Radian,top,Samsung,CL10B105KB8NQNC,C5199872,50 V X7R
"L1,L2,L3",3,1µH,RadianMain:Changjiang_FNR4030S1R0MT,top,Changjiang Electronics,FNR4030S1R0MT,C167865,"4x4 mm shielded, 18 mOhm, 5.7 A sat -- must exceed the TPS62130's 3 A plus ripple"
"C13,C23,C33",3,22uF,RadianMain:C_0805_2012Metric_B,top,Samsung,CL21A226MAQNNNE,C45783,"25 V X5R, JLC basic library -- switcher output"
"C12,C22,C32",3,22uF,RadianMain:C_0805_2012Metric_A,top,Samsung,CL21A226MAQNNNE,C45783,"25 V X5R, JLC basic library -- switcher output"
"C14,C24,C34",3,3.3nF,RadianMain:C_0603_1608Metric_Radian,top,Murata,GRM1885C1H332JA01D,,50 V C0G -- switcher soft-start
"C1,C140,C141",3,47uF,RadianMain:C_1210_3225Metric_A,top,Murata,GRM32ER61C476KE15L,C77101,16 V X5R -- bulk input
"D10,D11,D12",3,BAT54S,RadianMain:Nexperia_BAT54S_215_SOT23,top,Nexperia,"BAT54S,215",,"Nexperia BAT54S,215; SOT-23 dual Schottky diode"
"U11,U12,U13",3,TPS62130ARGTR,RadianMain:TPS62130ARGTR_WQFN16,top,Texas Instruments,TPS62130ARGTR,,"3 A buck, QFN-16 with exposed pad"
"R162,R165",2,100Ω,RadianMain:R_0603_1608Metric_Radian,top,Yageo,RC0603FR-07100RL,,thick film 1%
"C167,C168",2,2.2nF,RadianMain:C_0603_1608Metric_Radian,top,Murata,GRM1885C1H222JA01D,,"50 V C0G, same series"
"C163,C164",2,2.2uF,RadianMain:C_0603_1608Metric_Radian,top,Samsung,CL10A225KO8NNNC,C23630,"16 V X5R, JLC basic library"
"C143,C144",2,4.7uF,RadianMain:C_0805_2012Metric_B,top,Yageo,CC0805KKX7R8BB475,C354262,25 V X7R
"R126,R127",2,470Ω,RadianMain:R_0603_1608Metric_Radian,top,Yageo,RC0603FR-07470RL,,thick film 1%
"J17,J18",2,IPT1-110-06-L-D,RadianMain:Samtec_IPT1_110_06_L_D,top,Samtec,IPT1-110-06-L-D,,2x10 2.54 mm vertical through-hole terminal strip; mates IPS1-110-01-L-D. Fully-mated PCB gap 19.99 mm; 20.45 mm max.
C137,1,100nF,RadianMain:C_0201_0603Metric_B,bottom,CCTC,TCC0201X5R104K100ZT,C5142565,10 V X5R. JLC extended library: one setup fee for the whole array
R20,1,124kΩ,RadianMain:R_0603_1608Metric_Radian,top,Yageo,RC0603FR-07124KL,,thick film 1%
D20,1,1N4148W,RadianMain:Diodes_1N4148W_7_F_SOD123,top,Diodes Incorporated,1N4148W-7-F,,Diodes Incorporated 1N4148W-7-F; SOD-123 fast switching diode
"J4,J3",2,22-23-2021,RadianMain:Molex_22_23_2021_RowX,top,Molex,22-23-2021,,KK 254 vertical friction-lock. Harness side: housing 22-01-3027 + 2 x 08-55-0102 crimp terminals
J1,1,22-23-2021,RadianMain:Molex_22_23_2021_RowY,top,Molex,22-23-2021,,KK 254 vertical friction-lock. Harness side: housing 22-01-3027 + 2 x 08-55-0102 crimp terminals
J2,1,22-23-2061,RadianMain:Molex_22_23_2061,top,Molex,22-23-2061,,KK 254 vertical friction-lock. Harness side: housing 22-01-3067 + 6 x 08-55-0102 crimp terminals
R120,1,1Ω,RadianMain:R_0603_1608Metric_Radian,top,Yageo,RC0603FR-071RL,,thick film 1%
R181,1,2.2kΩ,RadianMain:R_0603_1608Metric_Radian,top,Yageo,RC0603FR-072K2L,,thick film 1%
R180,1,220Ω,RadianMain:R_0603_1608Metric_Radian,top,Yageo,RC0603FR-07220RL,,thick film 1%
R10,1,24.9kΩ,RadianMain:R_0603_1608Metric_Radian,top,Yageo,RC0603FR-0724K9L,C137761,thick film 1%
R30,1,316kΩ,RadianMain:R_0603_1608Metric_Radian,top,Yageo,RC0603FR-07316KL,,thick film 1%
R167,1,33kΩ,RadianMain:R_0603_1608Metric_Radian,top,Yageo,RC0603FR-0733KL,,thick film 1%
C145,1,4.7uF,RadianMain:C_0805_2012Metric_A,top,Yageo,CC0805KKX7R8BB475,C354262,25 V X7R
R168,1,40.2kΩ,RadianMain:R_0603_1608Metric_Radian,top,Yageo,RC0603FR-0740K2L,,thick film 1%
C142,1,47uF,RadianMain:C_1210_3225Metric_B,top,Murata,GRM32ER61C476KE15L,C77101,16 V X5R -- bulk input
Y1,1,ASE-100.000MHZ-LC-T,RadianMain:Abracon_ASE_3225_4Pin,top,Abracon,ASE-100.000MHZ-LC-T,,100 MHz system oscillator
Y2,1,ASE-12.288MHZ-LC-T,RadianMain:Abracon_ASE_3225_4Pin,top,Abracon,ASE-12.288MHZ-LC-T,,12.288 MHz audio master clock
U8,1,H11L1M,RadianMain:H11L1M_DIP6,top,onsemi,H11L1M,,"Schmitt optocoupler, MIDI input"
U4,1,MCP3208-CI/SL,RadianMain:MCP3208_CI_SL_SOIC16,top,Microchip,MCP3208-CI/SL,,8-ch 12-bit SPI ADC
U6,1,MCP6002-I/SN,RadianMain:MCP6002_I_SN_SOIC8,top,Microchip,MCP6002-I/SN,,"dual op-amp, CV buffer"
U7,1,MCP6561T-E/OT,RadianMain:MCP6561T_E_OT_SOT23_5,top,Microchip,MCP6561T-E/OT,,"comparator, gate input"
U3,1,PCM5102APWR,RadianMain:PCM5102APWR_TSSOP20,top,Texas Instruments,PCM5102APWR,,stereo audio DAC
U5,1,REF3125AIDBZR,RadianMain:REF3125AIDBZR_SOT23,top,Texas Instruments,REF3125AIDBZR,,2.5 V reference
U2,1,W25Q64JVSSIQ,RadianMain:W25Q64JVSSIQ_SOIC8_208mil,top,Winbond,W25Q64JVSSIQ,,64 Mbit SPI flash
U1,1,XC7A50T-1FTG256I,RadianMain:XC7A50T_1FTG256I_FTG256,top,AMD/Xilinx,XC7A50T-1FTG256I,C3272410,"FPGA, 52160 logic cells, industrial temp"
