Reference,Pin,X_panel_mm,Y_panel_mm,Drill_mm_or_slot_xy,Type
J101,1,28.27,38.0,1.0,thru_hole
J101,2,25.73,38.0,1.0,thru_hole
J102,1,137.35,22.0,1.0,thru_hole
J102,2,134.81,22.0,1.0,thru_hole
J102,3,132.27,22.0,1.0,thru_hole
J102,4,129.73,22.0,1.0,thru_hole
J102,5,127.19,22.0,1.0,thru_hole
J102,6,124.65,22.0,1.0,thru_hole
J103,1,123.27,16.0,1.0,thru_hole
J103,2,120.73,16.0,1.0,thru_hole
J104,1,146.27,16.0,1.0,thru_hole
J104,2,143.73,16.0,1.0,thru_hole
J105,1,144.54,59.0,1.0,thru_hole
J105,2,142.0,59.0,1.0,thru_hole
J105,3,139.46,59.0,1.0,thru_hole
J106,1,44.54,69.0,1.0,thru_hole
J106,2,42.0,69.0,1.0,thru_hole
J106,3,39.46,69.0,1.0,thru_hole
J107,1,82.54,66.0,1.0,thru_hole
J107,2,80.0,66.0,1.0,thru_hole
J107,3,77.46,66.0,1.0,thru_hole
J108,1,120.54,66.0,1.0,thru_hole
J108,2,118.0,66.0,1.0,thru_hole
J108,3,115.46,66.0,1.0,thru_hole
J109,1,57.08,56.0,1.0,thru_hole
J109,2,54.54,56.0,1.0,thru_hole
J109,3,52.0,56.0,1.0,thru_hole
J109,4,49.46,56.0,1.0,thru_hole
J109,5,46.92,56.0,1.0,thru_hole
J110,1,147.54,70.0,1.0,thru_hole
J110,2,145.0,70.0,1.0,thru_hole
J110,3,142.46,70.0,1.0,thru_hole
J111,1,130.08,99.0,1.0,thru_hole
J111,2,127.54,99.0,1.0,thru_hole
J111,3,125.0,99.0,1.0,thru_hole
J111,4,122.46,99.0,1.0,thru_hole
J111,5,119.92,99.0,1.0,thru_hole
J112,1,165.27,95.0,1.0,thru_hole
J112,2,162.73,95.0,1.0,thru_hole
J113,1,164.27,81.0,1.0,thru_hole
J113,2,161.73,81.0,1.0,thru_hole
J114,1,165.27,54.0,1.0,thru_hole
J114,2,162.73,54.0,1.0,thru_hole
J115,1,58.77,33.0,1.0,thru_hole
J115,2,56.23,33.0,1.0,thru_hole
RV1,1,39.5,77.0,1.0,thru_hole
RV1,2,42.0,77.0,1.0,thru_hole
RV1,3,44.5,77.0,1.0,thru_hole
RV1,MP1,36.7,84.0,"[1.8, 2.2]",thru_hole
RV1,MP2,47.3,84.0,"[1.8, 2.2]",thru_hole
RV2,1,77.5,77.0,1.0,thru_hole
RV2,2,80.0,77.0,1.0,thru_hole
RV2,3,82.5,77.0,1.0,thru_hole
RV2,MP1,74.7,84.0,"[1.8, 2.2]",thru_hole
RV2,MP2,85.3,84.0,"[1.8, 2.2]",thru_hole
RV3,1,115.5,77.0,1.0,thru_hole
RV3,2,118.0,77.0,1.0,thru_hole
RV3,3,120.5,77.0,1.0,thru_hole
RV3,MP1,112.7,84.0,"[1.8, 2.2]",thru_hole
RV3,MP2,123.3,84.0,"[1.8, 2.2]",thru_hole
ENC1,A,39.5,35.5,1.0,thru_hole
ENC1,C,42.0,35.5,1.0,thru_hole
ENC1,B,44.5,35.5,1.0,thru_hole
ENC1,S1,39.5,50.0,1.0,thru_hole
ENC1,S2,44.5,50.0,1.0,thru_hole
ENC1,MP1,35.4,43.0,"[1.8, 2.6]",thru_hole
ENC1,MP2,48.6,43.0,"[1.8, 2.6]",thru_hole
SW1,1,150.5,79.8,1.85,thru_hole
SW1,2,150.5,84.5,1.85,thru_hole
SW1,3,150.5,89.2,1.85,thru_hole
D10,1,122.73,108.0,0.9,thru_hole
D10,2,125.27,108.0,0.9,thru_hole
D11,1,132.73,108.0,0.9,thru_hole
D11,2,135.27,108.0,0.9,thru_hole
D12,1,142.73,108.0,0.9,thru_hole
D12,2,145.27,108.0,0.9,thru_hole
D13,1,152.73,108.0,0.9,thru_hole
D13,2,155.27,108.0,0.9,thru_hole
J301,1,186.5,92.52,"[1.0, 1.9]",thru_hole
J301,2,186.5,95.62,"[1.0, 1.9]",thru_hole
J301,3,186.5,103.92,"[1.0, 1.9]",thru_hole
J301,,186.5,99.0,3,np_thru_hole
J302,1,186.5,74.52,"[1.0, 1.9]",thru_hole
J302,2,186.5,77.62,"[1.0, 1.9]",thru_hole
J302,3,186.5,85.92,"[1.0, 1.9]",thru_hole
J302,,186.5,81.0,3,np_thru_hole
J303,1,186.5,56.52,"[1.0, 1.9]",thru_hole
J303,2,186.5,59.62,"[1.0, 1.9]",thru_hole
J303,3,186.5,67.92,"[1.0, 1.9]",thru_hole
J303,,186.5,63.0,3,np_thru_hole
J304,1,186.5,38.52,"[1.0, 1.9]",thru_hole
J304,2,186.5,41.62,"[1.0, 1.9]",thru_hole
J304,3,186.5,49.92,"[1.0, 1.9]",thru_hole
J304,,186.5,45.0,3,np_thru_hole
J305,1,186.5,20.52,"[1.0, 1.9]",thru_hole
J305,2,186.5,23.62,"[1.0, 1.9]",thru_hole
J305,3,186.5,31.92,"[1.0, 1.9]",thru_hole
J305,,186.5,27.0,3,np_thru_hole
J306,1,58.77,39.0,1.0,thru_hole
J306,2,56.23,39.0,1.0,thru_hole
J200,1,175.27,69.08,1.0,thru_hole
J200,2,172.73,69.08,1.0,thru_hole
J200,3,175.27,66.54,1.0,thru_hole
J200,4,172.73,66.54,1.0,thru_hole
J200,5,175.27,64.0,1.0,thru_hole
J200,6,172.73,64.0,1.0,thru_hole
J200,7,175.27,61.46,1.0,thru_hole
J200,8,172.73,61.46,1.0,thru_hole
J200,9,175.27,58.92,1.0,thru_hole
J200,10,172.73,58.92,1.0,thru_hole
J201,1,27.27,52.0,1.0,thru_hole
J201,2,24.73,52.0,1.0,thru_hole
JP1,1,164.54,88.0,1.0,thru_hole
JP1,2,162.0,88.0,1.0,thru_hole
JP1,3,159.46,88.0,1.0,thru_hole
J202,1,137.35,29.0,1.0,thru_hole
J202,2,134.81,29.0,1.0,thru_hole
J202,3,132.27,29.0,1.0,thru_hole
J202,4,129.73,29.0,1.0,thru_hole
J202,5,127.19,29.0,1.0,thru_hole
J202,6,124.65,29.0,1.0,thru_hole
SW3,1,122.25,22.75,1,thru_hole
SW3,1,122.25,27.25,1,thru_hole
SW3,2,115.75,22.75,1,thru_hole
SW3,2,115.75,27.25,1,thru_hole
SW4,1,149.25,23.75,1,thru_hole
SW4,1,149.25,28.25,1,thru_hole
SW4,2,142.75,23.75,1,thru_hole
SW4,2,142.75,28.25,1,thru_hole
